99优选酒店(北京农大南路地铁站店),上地产业园/西三旗,海淀区,厢黄旗2号楼1层X05-2-02,http://www.zhuna.cn/hotel-1338201.html,219
速8酒店(北京草桥店),永定门/南站/大红门/南苑地区,丰台区,南三环西路11号院内,http://www.zhuna.cn/hotel-999724.html,160
IU酒店(北京站地铁站店),北京站/建国门地区,东城区,毛家湾胡同13号,http://www.zhuna.cn/hotel-510254.html,221
7天优品酒店(北京东四南锣鼓巷店),天安门/王府井地区,东城区,东四六条45号,http://www.zhuna.cn/hotel-5202.html,242
7天连锁酒店(北京定慧寺五路居地铁站店),公主坟/五棵松/石景山游乐园地区,海淀区,五孔桥56号一幢,http://www.zhuna.cn/hotel-45494.html,210
IU酒店(北京科技大学北沙滩地铁站店),中关村/五道口,海淀区,志新路11号,http://www.zhuna.cn/hotel-165247.html,421
汉庭酒店(北京阜成门店),西单/金融街地区,西城区,南礼士路乙3号,http://www.zhuna.cn/hotel-116039.html,332
7天优品酒店(北京花园桥地铁站店),公主坟/五棵松/石景山游乐园地区,海淀区,车公庄西路33号,http://www.zhuna.cn/hotel-31806.html,305
海友酒店(北京崇文门地铁站店),北京站/建国门地区,东城区,西镇江胡同4号,http://www.zhuna.cn/hotel-114963.html,205
如家酒店(北京国展三元桥店),国展中心地区,朝阳区,西坝河东里36号,http://www.zhuna.cn/hotel-14227.html,397
派酒店(北京石景山八角游乐园地铁站店),公主坟/五棵松/石景山游乐园地区,石景山区,八角西街61号,http://www.zhuna.cn/hotel-420041.html,245
如家酒店(北京万寿路地铁站店),公主坟/五棵松/石景山游乐园地区,海淀区,万寿路西街6号,http://www.zhuna.cn/hotel-418711.html,316
如家酒店(北京西单大悦城店),西单/金融街地区,西城区,大木仓胡同33号3幢,http://www.zhuna.cn/hotel-491163.html,395
7天优品(北京朝阳门东四地铁站店),天安门/王府井地区,东城区,朝阳门内大街甲190号,http://www.zhuna.cn/hotel-7066.html,199
7天连锁酒店(北京清华大学东门店),中关村/五道口,海淀区,双清路14号院,http://www.zhuna.cn/hotel-45500.html,229
7天连锁酒店(北京鸟巢体育场店),亚运村/奥体中心地区,朝阳区,小营路8号,http://www.zhuna.cn/hotel-5531.html,237
7天优品酒店(北京国贸劲松地铁站店),劲松/潘家园地区,朝阳区,劲松南路5号院,http://www.zhuna.cn/hotel-5203.html,263
如家酒店(北京西直门北京北站店),西直门及北京展览馆地区,西城区,西直门北大街49号,http://www.zhuna.cn/hotel-537098.html,318
7天连锁酒店(北京国家会议中心北沙滩地铁站店),亚运村/奥体中心地区,朝阳区,北沙滩1号院中国农机院西门院内,http://www.zhuna.cn/hotel-7082.html,305
如家酒店(北京中关村蓝靛厂店),中关村/五道口,海淀区,西四环北路10号,http://www.zhuna.cn/hotel-146381.html,367
7天酒店(北京西站南广场店),北京西站/丽泽商务区,丰台区,广莲路9号,http://www.zhuna.cn/hotel-20184.html,210
格林豪泰(北京欢乐谷店),欢乐谷游乐区,朝阳区,垡头西路18号A座商务楼,http://www.zhuna.cn/hotel-32288.html,244
7天连锁酒店(北京南站永定门外地铁站店),永定门/南站/大红门/南苑地区,东城区,永定门外大街管村32号8号楼,http://www.zhuna.cn/hotel-404656.html,199
汉庭优佳酒店(北京十里河地铁站店),劲松/潘家园地区,朝阳区,左安门外左安路东口路北C座587,http://www.zhuna.cn/hotel-1691798.html,332
如家酒店·neo(北京新国展首都机场店),首都机场/新国展地区,顺义区,天竺镇府前一街32号,http://www.zhuna.cn/hotel-214742.html,220
汉庭酒店(北京南站店),永定门/南站/大红门/南苑地区,丰台区,右安门外开阳里二街西巷4号,http://www.zhuna.cn/hotel-6424.html,204
7天连锁酒店(北京青年路地铁站大悦城店),国贸地区/四惠,朝阳区,黄杉木店路188号2号楼,http://www.zhuna.cn/hotel-27663.html,188
7天优品酒店(北京天安门店),西单/金融街地区,西城区,西绒线胡同东口乙9号,http://www.zhuna.cn/hotel-5874.html,238
7天连锁酒店(北京西站六里桥地铁站店),北京西站/丽泽商务区,丰台区,万丰路小井村548号,http://www.zhuna.cn/hotel-24120.html,157
如家酒店(北京长椿街地铁站店),西单/金融街地区,西城区,长椿街10号,http://www.zhuna.cn/hotel-501126.html,356
7天连锁酒店(北京马甸桥德胜门外大街店),马甸/安贞地区,西城区,德胜门外大街2号,http://www.zhuna.cn/hotel-5944.html,181
汉庭酒店(北京总部基地店),总部基地/丰台体育中心/南宫地区,丰台区,丰葆路19号,http://www.zhuna.cn/hotel-108972.html,371
如家酒店(北京潘家园店),劲松/潘家园地区,朝阳区,弘善家园304号,http://www.zhuna.cn/hotel-173196.html,206
如家酒店(北京联想桥店),中关村/五道口,海淀区,大柳树路15号,http://www.zhuna.cn/hotel-25868.html,284
汉庭酒店(北京德胜门店),马甸/安贞地区,西城区,六铺炕三区9号(北楼),http://www.zhuna.cn/hotel-5759.html,450
7天优品酒店(北京东直门机场快轨站店),东直门/工体/雍和宫地区,东城区,东直门外大街察慈小区9号楼(东门),http://www.zhuna.cn/hotel-7065.html,285
7天连锁酒店(北京朝阳北路青年路地铁站店),国贸地区/四惠,朝阳区,青年路西里115号国美第一城3号院10号楼,http://www.zhuna.cn/hotel-45669.html,165
7天连锁酒店(北京学院路六道口地铁站店),中关村/五道口,海淀区,学清路41号裕京大厦3-8层,http://www.zhuna.cn/hotel-7040.html,273
喆啡酒店(北京长楹天街店),传媒大学/管庄地区,朝阳区,管庄西里甲32号楼1至3层,http://www.zhuna.cn/hotel-1726431.html,459
如家酒店(北京东直门店),东直门/工体/雍和宫地区,东城区,东直门外大街新中街甲2号,http://www.zhuna.cn/hotel-23515.html,286
