宜家酒店(沈阳于洪广场地铁站店),于洪广场,于洪区,黄海路46号-10,http://www.zhuna.cn/hotel-15447.html,226
如家酒店(沈阳火车站店),沈阳站/太原街/医大一院,和平区,胜利北街55号,http://www.zhuna.cn/hotel-25401.html,170
如家酒店(沈阳三好街盛京医大二院店),三好街/南湖公园,和平区,文化路44号,http://www.zhuna.cn/hotel-116354.html,161
沈阳空港宾馆,桃仙机场/新市政府,浑南区,桃仙街道宁路社区桃仙镇公交车站附近,http://www.zhuna.cn/hotel-1145504.html,110
汉庭酒店(沈阳南塔金马鞋城店),南塔鞋城/药科大学,沈河区,文化路161号,http://www.zhuna.cn/hotel-23343.html,185
7天连锁酒店(沈阳三好街东北大学科学宫店),三好街/南湖公园,和平区,文体西路21甲,http://www.zhuna.cn/hotel-45526.html,127
如家酒店(沈阳北站惠工广场店),北站/惠工广场,沈河区,惠工街167号甲4,http://www.zhuna.cn/hotel-51678.html,152
格林豪泰智选酒店(沈阳医大四院北塔地铁站店),北站/惠工广场,皇姑区,崇山东路28号,http://www.zhuna.cn/hotel-1476762.html,170
汉庭酒店(沈阳黎明广场地铁站店),龙之梦/客运站,大东区,和睦路38号,http://www.zhuna.cn/hotel-490221.html,213
如家酒店(沈阳铁西香江店),铁西广场/铁西家具城/灯具城,铁西区,保工南街2-2号,http://www.zhuna.cn/hotel-3881.html,151
汉庭酒店(沈阳铁西启工街地铁站店),西客站/劳动公园,铁西区,建设西路15号,http://www.zhuna.cn/hotel-741506.html,205
沈阳漫威里智选公寓,工业展览馆/万象城/五里河,沈河区,青年大街236-3号华强金廊城市广场,http://www.zhuna.cn/hotel-1118627.html,269
沈阳禧程酒店式公寓,工业展览馆/万象城/五里河,沈河区,青年大街236-2号华强金廊城市广场2号楼B座15楼B1516,http://www.zhuna.cn/hotel-903955.html,252
锦江之星(沈阳张士中央大街店),张士开发区,铁西区,沈辽路116号,http://www.zhuna.cn/hotel-433607.html,172
如家酒店(沈阳火车站太原街万达广场店),沈阳站/太原街/医大一院,和平区,民主路68号,http://www.zhuna.cn/hotel-127830.html,132
如家酒店·neo(沈阳云峰北街地铁站店),沈阳站/太原街/医大一院,铁西区,云峰北街42号,http://www.zhuna.cn/hotel-20529.html,175
汉庭酒店(沈阳北二西路店),铁西体育场,铁西区,北二西路26号甲,http://www.zhuna.cn/hotel-452370.html,184
汉庭酒店(沈阳沈北大学城七星大街店),师范大学/沈北大学城/方特欢乐世界,沈北新区,七星大街27号,http://www.zhuna.cn/hotel-1129533.html,303
如家酒店·neo(沈阳故宫刘老根大舞台店),沈阳中街/故宫/大悦城,沈河区,正阳街196号,http://www.zhuna.cn/hotel-3933.html,153
格林豪泰(沈阳沈河区五爱街店),五爱市场/风雨坛,沈河区,热闹街60号,http://www.zhuna.cn/hotel-489058.html,200
