晚归·初见酒店(苏州高铁北站渭塘店),相城高铁新城开发区/苏州北站,相城区,苏州相城区渭塘商苑北街,http://www.zhuna.cn/hotel-525351.html,123
7天连锁酒店(苏州工业园区店),工业园区金鸡湖西,吴中区,娄葑南摆宴街28号,http://www.zhuna.cn/hotel-45538.html,158
莫泰酒店(苏州园区北店),工业园区金鸡湖东,吴中区,工业园区亭盛街50号唯盛邻里中心,http://www.zhuna.cn/hotel-122896.html,208
格林联盟酒店(苏州西环路体育中心店),寒山寺周边,姑苏区,西环路899号,http://www.zhuna.cn/hotel-453278.html,160
如家酒店·neo(苏州观前街人民路店),观前街/平江路/十全街/市中心,姑苏区,观前街246号,http://www.zhuna.cn/hotel-11814.html,223
莫泰168(苏州园区博览中心唐庄地铁站店),工业园区金鸡湖东,吴中区,跨阳路临芳苑商业广场,http://www.zhuna.cn/hotel-49022.html,165
汉庭酒店(苏州东环路店),观前街/平江路/十全街/市中心,姑苏区,东环路日规路1-1/2(北楼),http://www.zhuna.cn/hotel-13997.html,262
城市便捷酒店(苏州运东大道店),吴江东太湖风景区/水世界/王焰温泉,吴江区,运东大道1155号,http://www.zhuna.cn/hotel-1002602.html,213
星程酒店(苏州南门汇邻广场酒店),十全街/盘门景区,姑苏区,南环东路857号(近4号线团结桥地铁站),http://www.zhuna.cn/hotel-510988.html,206
苏州玖久印象·主题酒店,木渎风景区,吴中区,金山南路10-1号,http://www.zhuna.cn/hotel-377590.html,179
莫泰168(苏州观前步行街店),观前街/平江路/十全街/市中心,姑苏区,观前街大成坊9-69号,http://www.zhuna.cn/hotel-13002.html,127
格林豪泰智选酒店(苏州平江路拙政园店),观前街/平江路/十全街/市中心,姑苏区,白塔东路226号,http://www.zhuna.cn/hotel-107579.html,237
格菲酒店(苏州周庄景区吴江黎里金家坝店),汾湖经济开发区,吴江区,黎里镇金家坝社区滨河北路88号,http://www.zhuna.cn/hotel-962072.html,218
7天酒店(苏州木渎古镇凯马汽车城店),苏州科技大学周边,吴中区,木渎镇中山东路268号凯马新世界21幢105室,http://www.zhuna.cn/hotel-667512.html,210
尚客优酒店(苏州园区独墅湖东兴路店),盘门风景区/汽车南站地区,吴中区,东环南路1655号金泽瑞华大厦3楼,http://www.zhuna.cn/hotel-938824.html,139
如家酒店(苏州山塘街石路地铁站店),石路/山塘街商业区,姑苏区,广济南路288号石路金座大厦1楼如家前台,http://www.zhuna.cn/hotel-437664.html,157
怡莱酒店(苏州盘蠡路地铁站店),盘门风景区/汽车南站地区,吴中区,龙西路292号,http://www.zhuna.cn/hotel-434211.html,140
格林豪泰酒店(苏州吴中临湖太湖园博园店),太湖风景区,吴中区,临湖镇腾飞路68号悦达广场3号楼,http://www.zhuna.cn/hotel-1024982.html,208
如家酒店(苏州吴中商城石湖东路地铁站店),盘门风景区/汽车南站地区,吴中区,东吴南路388号吴中商城大厦,http://www.zhuna.cn/hotel-1432788.html,218
如家酒店·neo(苏州金鸡湖博览中心星湖街地铁站店),工业园区金鸡湖东,吴中区,星湖街与苏州大道东交汇金鸡湖商业广场4幢105,http://www.zhuna.cn/hotel-217358.html,295
