长沙叁拾酒店,松桂园,开福区,芙蓉中路海东青大厦B座20F,http://www.zhuna.cn/hotel-1279697.html,219
简居酒店(长沙高铁南站店),长沙南站/体育新城,雨花区,东山街道黎托路绿地之窗25栋9楼,http://www.zhuna.cn/hotel-1153571.html,108
全季酒店(长沙中南林业科技大学店),井湾子/德思勤城市广场,天心区,木莲西路187号天天向上家园1栋1楼东侧大厅,http://www.zhuna.cn/hotel-1467586.html,332
品缦酒店(长沙洋湖湿地公园店),洋湖风景区,岳麓区,洋湖旷远18克拉S3栋,http://www.zhuna.cn/hotel-1132933.html,331
麗枫酒店(长沙福元西路万科城店),珠江花城/万国城,开福区,浏阳河街道福元西路148号万科金mall坊9-10层,http://www.zhuna.cn/hotel-535919.html,319
相遇影院电竞酒店(长沙含浦店),洋湖风景区,岳麓区,学士街道车塘河小区14栋5-6单元一楼,http://www.zhuna.cn/hotel-1299067.html,195
简途酒店(长沙红星德思勤店),井湾子/德思勤城市广场,雨花区,德思勤广场湘府中路80号高升星光天地B栋18楼,http://www.zhuna.cn/hotel-1378822.html,256
锦江都城酒店(长沙五一广场店),五一广场/定王台,开福区,中山路581号c区16号,http://www.zhuna.cn/hotel-897430.html,379
全季酒店(长沙红星会展中心店),长沙汽车南站,雨花区,时代阳光大道529号,http://www.zhuna.cn/hotel-1145568.html,332
V.酒店(长沙五一广场店),坡子街,天心区,解放西路466号汇源大厦9楼,http://www.zhuna.cn/hotel-1408143.html,257
麗枫酒店(长沙火车站朝阳地铁站店),火车站/五里牌,芙蓉区,车站中路39号宇成朝阳广场T1栋,http://www.zhuna.cn/hotel-1018014.html,316
宜尚酒店(长沙高铁南站吾悦广场店),长沙南站/体育新城,雨花区,劳动东路1058号,http://www.zhuna.cn/hotel-1715176.html,208
全季酒店(长沙东塘店),梓园路/贺龙体育场,雨花区,曙光中路298号长房天翼未来城(与桂花路交汇处),http://www.zhuna.cn/hotel-423938.html,317
麗枫酒店(长沙五一大道袁家岭店),袁家岭,芙蓉区,韶山北路98号,http://www.zhuna.cn/hotel-961063.html,257
长沙铭星戴斯酒店,高桥,雨花区,车站南路218号,http://www.zhuna.cn/hotel-534477.html,247
宜尚酒店(长沙桂花公园地铁站店),梓园路/贺龙体育场,雨花区,桂花路178号(桂花公园南门对面),http://www.zhuna.cn/hotel-1052105.html,310
宜尚酒店(长沙湾田国际店),望城高新/铜官窑景区,望城区,丁字湾街道湾田国际建材城B栋-3-318商铺,http://www.zhuna.cn/hotel-1703886.html,246
宜尚酒店(长沙高铁南站树木岭地铁站店),民政学院/树木岭,雨花区,劳动路与树木岭交汇处兴旺双铁城,http://www.zhuna.cn/hotel-513949.html,229
全季酒店(长沙高铁南站店),长沙南站/体育新城,雨花区,黎托路绿地之窗25栋,http://www.zhuna.cn/hotel-1152973.html,303
全季酒店(长沙芙蓉中路店),梓园路/贺龙体育场,雨花区,芙蓉中路二段193号贺龙体育馆斜对面,http://www.zhuna.cn/hotel-117503.html,528
