希岸酒店(济南大明湖北门店),大明湖/泉城广场商圈,天桥区,北园大街生产路国贸公寓301室,http://www.zhuna.cn/hotel-536985.html,249
如家驿居酒店(济南遥墙国际机场店),机场区,历城区,高新区机场路北首西行200米路南,http://www.zhuna.cn/hotel-526740.html,169
柏曼酒店(济南宜家会展中心老屯地铁站店),西客站地区,槐荫区,张庄路98号,http://www.zhuna.cn/hotel-1305170.html,311
桔子酒店(济南花园路聚隆广场店),山师/山大/洪楼商业区,历城区,花园路136号聚隆广场6号楼,http://www.zhuna.cn/hotel-1173167.html,342
喆啡酒店(济南长清区政府经十西路店),长清大学城,长清区,名流广场B座,http://www.zhuna.cn/hotel-1152564.html,255
希岸酒店(济南齐鲁儿童医院山东国际会展中心店),大观园/和谐广场商圈,槐荫区,经十路24310号,http://www.zhuna.cn/hotel-45332.html,332
格林豪泰智选酒店(济南唐冶店),唐冶商圈,历城区,世纪大道山东设计创意产业园北区内,http://www.zhuna.cn/hotel-982415.html,247
全季酒店(济南二环西路店),泺口服装城/动物园,天桥区,二环西路大魏名都8号,http://www.zhuna.cn/hotel-1467613.html,313
桔子酒店(济南文化东路店),山师/山大/洪楼商业区,历下区,文化东路55号院,http://www.zhuna.cn/hotel-1406772.html,401
如家精选酒店(济南泉城广场店),大明湖/泉城广场商圈,历下区,黑虎泉西路183号,http://www.zhuna.cn/hotel-104963.html,265
全季酒店(济南西站店),西客站地区,槐荫区,绿地中央广场C3地块B栋大堂,http://www.zhuna.cn/hotel-1000822.html,296
桔子酒店(济南千佛山店),英雄山/千佛山/舜耕会展中心区,济南市中区,千佛山西路19号,http://www.zhuna.cn/hotel-1315145.html,371
麗枫酒店(济南二环东路全福立交桥店),历城区,历城区,工业北路277号,http://www.zhuna.cn/hotel-726646.html,338
如家商旅酒店(济南花园路大润发店),莱芜区,,花园北路(区交通局对面),http://www.zhuna.cn/hotel-1672258.html,218
全季酒店(济南高新区汉峪金谷店),高新区/奥体中心,历城区,经十路7000号汉峪金谷A1-5号楼,http://www.zhuna.cn/hotel-1641937.html,401
旅途酒店(济南火车站大明湖店),大明湖/泉城广场商圈,天桥区,明湖西路和信广场1号楼18层1812室,http://www.zhuna.cn/hotel-1259634.html,285
全季酒店(济南东站店),济南东站商圈,历城区,王舍人万象新天云公馆B5G3,http://www.zhuna.cn/hotel-1619069.html,313
如家商旅酒店(济南大明湖生产路地铁站店),大明湖/泉城广场商圈,天桥区,生产路5号院内,http://www.zhuna.cn/hotel-1306110.html,227
麗枫酒店(济南高新万达会展中心店),高新区/奥体中心,历下区,"会展路66号近齐鲁医院,齐鲁软件园,奥体中心",http://www.zhuna.cn/hotel-856449.html,300
如家精选酒店(济南章丘和谐广场百脉泉店),章丘大学城,章丘区,双山大街35号浙商银行北邻,http://www.zhuna.cn/hotel-1706048.html,306
