麗枫酒店(武汉江汉路吉庆街店),江汉路/汉口江滩,江岸区,铭新街9号德润大厦1楼,http://www.zhuna.cn/hotel-1148920.html,251
怡程酒店(武汉光谷步行街店),光谷广场/武昌高校区/光谷未来科技城,洪山区,虎泉街鲁巷特2号,http://www.zhuna.cn/hotel-187279.html,386
喆啡酒店(武汉欢乐谷仁和路地铁站店),武汉火车站/欢乐谷/青山工业区,洪山区,仁和路138号花样年幸福万象A2栋,http://www.zhuna.cn/hotel-858287.html,282
全季酒店(武汉汉阳美好广场店),钟家村/归元寺/古琴台,汉阳区,马鹦路191号,http://www.zhuna.cn/hotel-1135306.html,352
麗枫酒店(武汉欢乐谷仁和路地铁站店),武汉火车站/欢乐谷/青山工业区,洪山区,仁和路138号幸福万象A1栋,http://www.zhuna.cn/hotel-1173535.html,255
麗枫酒店(武汉武昌火车站广场店),武昌火车站,武昌区,万金国际广场2栋负1楼(武昌火车站地铁D出口后面20米),http://www.zhuna.cn/hotel-512583.html,274
如家商旅酒店(武汉楚河汉街洪山广场地铁站店),楚河汉街/东湖风景区,武昌区,中北路特一号,http://www.zhuna.cn/hotel-1314344.html,295
全季酒店(武汉金银湖店),汉口火车站/园博园,东西湖区,金银湖9路,http://www.zhuna.cn/hotel-1379084.html,411
麗枫酒店(武汉汉口火车站店),汉口火车站/园博园,江汉区,金墩街15号财神商业广场南一层,http://www.zhuna.cn/hotel-852787.html,277
铂顿国际公寓(武汉光谷步行街店),光谷广场/武昌高校区/光谷未来科技城,洪山区,雄楚大道958号创客广场1楼,http://www.zhuna.cn/hotel-1128816.html,251
汉庭酒店(武汉花山软件新城店),武汉火车站/欢乐谷/青山工业区,洪山区,东湖新技术开发区花城大道9号花城汇一号楼,http://www.zhuna.cn/hotel-1417025.html,264
ZMAX HOTELS(武汉江汉路步行街璇宫店),江汉路/汉口江滩,江汉区,江汉一路45-47号,http://www.zhuna.cn/hotel-1152775.html,299
如家精选酒店(武汉中南地铁站店),中南商圈/洪山广场,武昌区,中南路3号阜华领秀中南,http://www.zhuna.cn/hotel-1291473.html,239
康铂酒店(武汉中南路地铁站店),中南商圈/洪山广场,武昌区,中南路14号新东方大厦,http://www.zhuna.cn/hotel-1162073.html,369
格菲酒店(武汉光谷雄楚大道杨家湾地铁站店 ),光谷广场/武昌高校区/光谷未来科技城,洪山区,雄楚大道488号,http://www.zhuna.cn/hotel-1721809.html,320
如家精选酒店(武汉经济开发区体育中心店),沌口经济开发区/武汉国际博览中心/汉南,蔡甸区,体育路145号神龙单身宿舍楼A1栋,http://www.zhuna.cn/hotel-1471905.html,259
宜尚酒店(武汉广场万松园店),汉口金融中心/武汉广场/中山公园,江汉区,万松园路153号1栋2-6层,http://www.zhuna.cn/hotel-533263.html,271
麗枫酒店(武汉竹叶山地铁站店),汉口金融中心/武汉广场/中山公园,江岸区,黄孝河路特1号华中国际广场1单元24-27F,http://www.zhuna.cn/hotel-897388.html,270
汉庭酒店(武汉徐东销品茂店),徐东商圈/湖北大学,洪山区,徐东新村518号,http://www.zhuna.cn/hotel-1241596.html,264
宜尚酒店(武汉光谷步行街华科大店),光谷广场/武昌高校区/光谷未来科技城,洪山区,光谷创业街特1栋1号,http://www.zhuna.cn/hotel-539164.html,305
