维也纳国际酒店(天津机场店),滨海机场/空港经济区,东丽区,华明大道与西三经路交叉口,http://www.zhuna.cn/hotel-1380053.html,283
秋果酒店(天津梅江会展中心店),梅江会展/奥体中心区,河西区,解放南路481号,http://www.zhuna.cn/hotel-1455107.html,298
天津海河假日酒店,天津站/古文化街/意大利风情区,河北区,海河东路凤凰商业广场A座,http://www.zhuna.cn/hotel-12313.html,553
天津陆家嘴万怡酒店,天津西站/学府区,红桥区,北马路166号,http://www.zhuna.cn/hotel-529813.html,572
天津伯派樂智能酒店,河东/万达商业区,河东区,富民路63号,http://www.zhuna.cn/hotel-1354227.html,260
天津鼓楼亚朵酒店,天津西站/学府区,南开区,南马路与南开三马路交口鼎福大厦A座,http://www.zhuna.cn/hotel-982497.html,529
天津御上院,天津南站/华苑科技产业园地区,西青区,杨柳青如意大街9号院,http://www.zhuna.cn/hotel-875730.html,501
维也纳国际酒店(天津五大道贵州路店),滨江道/小白楼/五大道风景区,和平区,贵州路16号,http://www.zhuna.cn/hotel-310810.html,249
天津盛捷奥林匹克大厦服务公寓,滨江道/小白楼/五大道风景区,和平区,成都道126号,http://www.zhuna.cn/hotel-12775.html,551
天津空港东区智选假日酒店,滨海机场/空港经济区,东丽区,空港经济区中环东路115号致勤公寓15号楼整栋,http://www.zhuna.cn/hotel-1717263.html,357
天津途家盛捷服务公寓,梅江会展/奥体中心区,河西区,洞庭路16号,http://www.zhuna.cn/hotel-1617998.html,541
天津融侨套房假日酒店,天津西站/学府区,南开区,长江道26号,http://www.zhuna.cn/hotel-537705.html,564
天津锦龙国际酒店,华苑产业园,西青区,梅苑路16号,http://www.zhuna.cn/hotel-111120.html,369
天津南开大学亚朵酒店,天津西站/学府区,南开区,航天道26号,http://www.zhuna.cn/hotel-853620.html,676
天津中北假日酒店,天津南站/华苑科技产业园地区,西青区,万卉路5号,http://www.zhuna.cn/hotel-1003685.html,495
天津金泽大酒店,滨江道/小白楼/五大道风景区,南开区,南京路338号,http://www.zhuna.cn/hotel-11654.html,413
天津尚翌服务式公寓,滨江道/小白楼/五大道风景区,和平区,西康路36号,http://www.zhuna.cn/hotel-502996.html,238
天津津利华大酒店,梅江会展/奥体中心区,河西区,友谊路32号,http://www.zhuna.cn/hotel-6083.html,499
天津世纪酒店,梅江会展/奥体中心区,河西区,黑牛城道179号,http://www.zhuna.cn/hotel-14835.html,339
天津中北·艾丽华服务公寓,天津南站/华苑科技产业园地区,西青区,中北镇星光路80号,http://www.zhuna.cn/hotel-507205.html,288
