成都仁和春天酒店,红牌楼/双楠商业区,青羊区,二环路西二段19号,http://www.zhuna.cn/hotel-105823.html,819
成都空港大酒店,双流国际机场地区,双流区,双流国际机场北二路6号,http://www.zhuna.cn/hotel-119026.html,647
成都富力丽思卡尔顿酒店,天府广场/盐市口商业区,青羊区,顺城大街269号,http://www.zhuna.cn/hotel-121616.html,1046
成都机场假日酒店,双流国际机场地区,双流区,机场南四路62号,http://www.zhuna.cn/hotel-1365259.html,366
成都璞悦天府酒店,世纪城新会展/环球中心,双流区,华阳街道华府大道1段1号T1栋1层、6层、8-16层,http://www.zhuna.cn/hotel-1040961.html,546
成都首座万丽酒店,火车南站/凯丹广场,武侯区,人民南路四段48号,http://www.zhuna.cn/hotel-19059.html,662
成都棕榈泉费尔蒙酒店,世纪城新会展/环球中心,武侯区,高新区天府大道中段269号,http://www.zhuna.cn/hotel-502431.html,1318
成都川投国际酒店,双流万达/体育中心,双流区,金河路66号,http://www.zhuna.cn/hotel-18919.html,505
成都环球中心天堂洲际大饭店,世纪城新会展/环球中心,武侯区,高新区天府大道北段1736号,http://www.zhuna.cn/hotel-148113.html,913
成都东大明宇豪雅饭店,春熙路/太古里商业区,锦江区,东大街紫东楼段39号(明宇金融广场),http://www.zhuna.cn/hotel-108330.html,1224
成都龙之梦大酒店,火车东站/塔子山公园,成华区,嘉陵江路8号-A,http://www.zhuna.cn/hotel-461628.html,529
成都天府丽都喜来登饭店,春熙路/太古里商业区,青羊区,人民中路一段15号,http://www.zhuna.cn/hotel-19047.html,520
成都尼依格罗酒店,春熙路/太古里商业区,锦江区,红星路三段1号国际金融中心3号楼,http://www.zhuna.cn/hotel-352699.html,1881
成都泰合索菲特大饭店,天府广场/盐市口商业区,锦江区,滨江中路15号,http://www.zhuna.cn/hotel-12555.html,512
成都尊悦豪生酒店,高新西区/茶店子公交站,金牛区,蜀西路28号,http://www.zhuna.cn/hotel-424581.html,557
成都华尔道夫酒店,世纪城新会展/环球中心,武侯区,天府大道北段1199号,http://www.zhuna.cn/hotel-522320.html,1328
成都明宇尚雅饭店,春熙路/太古里商业区,武侯区,临江西路1号,http://www.zhuna.cn/hotel-28463.html,746
成都望江宾馆,锦华万达/四川师范大学,锦江区,下沙河铺42号,http://www.zhuna.cn/hotel-6697.html,564
